scope,requested_budget,stratum,metric,delta_definition,favorable_direction,paired_seed_records,unique_task_clusters,mean_delta,median_delta,cluster_mean_delta,bootstrap_ci_low,bootstrap_ci_high,lookahead_wins,ties,lookahead_losses
ALL_ASSAYS,10,ALL_TASKS,normalized_regret_delta,ADAPTIVE_LOOKAHEAD - ADAPTIVE_GREEDY,negative,453,151,0.0013477817245413743,0.0,0.00134778172454137,-0.031812012911689974,0.03277839610190658,66,306,81
ALL_ASSAYS,10,ALL_TASKS,normalized_best_gain_auc_delta,ADAPTIVE_LOOKAHEAD - ADAPTIVE_GREEDY,positive,453,151,0.007188874515048327,0.0,0.007188874515048327,-0.01380814061788124,0.030942150850974147,102,249,102
ALL_ASSAYS,10,ALL_TASKS,strict_valley_success_delta,ADAPTIVE_LOOKAHEAD - ADAPTIVE_GREEDY,positive,222,74,-0.013513513513513514,0.0,-0.013513513513513514,-0.08108108108108109,0.05405405405405406,9,201,12
ALL_ASSAYS,10,VALLEY_REQUIRED,normalized_regret_delta,ADAPTIVE_LOOKAHEAD - ADAPTIVE_GREEDY,negative,222,74,0.010462747444839254,0.0,0.010462747444839254,-0.03530227093289682,0.05220563100192329,45,138,39
ALL_ASSAYS,10,VALLEY_REQUIRED,normalized_best_gain_auc_delta,ADAPTIVE_LOOKAHEAD - ADAPTIVE_GREEDY,positive,222,74,0.003118722480072413,0.0,0.003118722480072419,-0.025886955319718477,0.0348998025124622,60,108,54
ALL_ASSAYS,10,VALLEY_REQUIRED,strict_valley_success_delta,ADAPTIVE_LOOKAHEAD - ADAPTIVE_GREEDY,positive,222,74,-0.013513513513513514,0.0,-0.013513513513513514,-0.08108108108108109,0.05405405405405406,9,201,12
ALL_ASSAYS,10,NO_VALLEY_REQUIRED,normalized_regret_delta,ADAPTIVE_LOOKAHEAD - ADAPTIVE_GREEDY,negative,231,77,-0.007412055461199455,0.0,-0.0074120554611994596,-0.056956847439573244,0.0377837942144992,21,168,42
ALL_ASSAYS,10,NO_VALLEY_REQUIRED,normalized_best_gain_auc_delta,ADAPTIVE_LOOKAHEAD - ADAPTIVE_GREEDY,positive,231,77,0.01110044919801219,0.0,0.011100449198012192,-0.018632550266936002,0.04692631583660406,42,141,48
ALL_ASSAYS,20,ALL_TASKS,normalized_regret_delta,ADAPTIVE_LOOKAHEAD - ADAPTIVE_GREEDY,negative,453,151,-0.0030084541761509617,0.0,-0.0030084541761509656,-0.03897395165636367,0.032412269116515034,123,216,114
ALL_ASSAYS,20,ALL_TASKS,normalized_best_gain_auc_delta,ADAPTIVE_LOOKAHEAD - ADAPTIVE_GREEDY,positive,453,151,-0.00880966463073836,0.0,-0.008809664630738354,-0.03270713181864731,0.016724146763244456,153,159,141
ALL_ASSAYS,20,ALL_TASKS,strict_valley_success_delta,ADAPTIVE_LOOKAHEAD - ADAPTIVE_GREEDY,positive,222,74,-0.08108108108108109,0.0,-0.08108108108108109,-0.16216216216216217,0.0,6,192,24
ALL_ASSAYS,20,VALLEY_REQUIRED,normalized_regret_delta,ADAPTIVE_LOOKAHEAD - ADAPTIVE_GREEDY,negative,222,74,0.027194515716896853,0.0,0.02719451571689685,-0.025418590756207084,0.07610746793368789,51,111,60
ALL_ASSAYS,20,VALLEY_REQUIRED,normalized_best_gain_auc_delta,ADAPTIVE_LOOKAHEAD - ADAPTIVE_GREEDY,positive,222,74,-0.023227640374328257,0.0,-0.02322764037432826,-0.05706313007186475,0.010859466224422113,69,78,75
ALL_ASSAYS,20,VALLEY_REQUIRED,strict_valley_success_delta,ADAPTIVE_LOOKAHEAD - ADAPTIVE_GREEDY,positive,222,74,-0.08108108108108109,0.0,-0.08108108108108109,-0.16216216216216217,0.0,6,192,24
ALL_ASSAYS,20,NO_VALLEY_REQUIRED,normalized_regret_delta,ADAPTIVE_LOOKAHEAD - ADAPTIVE_GREEDY,negative,231,77,-0.032034684982456665,0.0,-0.032034684982456665,-0.08300600752047525,0.015491493214451367,72,105,54
ALL_ASSAYS,20,NO_VALLEY_REQUIRED,normalized_best_gain_auc_delta,ADAPTIVE_LOOKAHEAD - ADAPTIVE_GREEDY,positive,231,77,0.005046571798166228,0.0,0.005046571798166226,-0.030096157657843823,0.04297466681207063,84,81,66
ALL_ASSAYS,50,ALL_TASKS,normalized_regret_delta,ADAPTIVE_LOOKAHEAD - ADAPTIVE_GREEDY,negative,453,151,-0.015833123624644316,0.0,-0.01583312362464432,-0.05322038381783092,0.020293295501643258,132,210,111
ALL_ASSAYS,50,ALL_TASKS,normalized_best_gain_auc_delta,ADAPTIVE_LOOKAHEAD - ADAPTIVE_GREEDY,positive,453,151,-0.0005106467750859713,0.0,-0.0005106467750859684,-0.025896778487975294,0.02553405672303949,201,111,141
ALL_ASSAYS,50,ALL_TASKS,strict_valley_success_delta,ADAPTIVE_LOOKAHEAD - ADAPTIVE_GREEDY,positive,222,74,-0.02702702702702703,0.0,-0.02702702702702703,-0.12162162162162163,0.06756756756756757,18,180,24
ALL_ASSAYS,50,VALLEY_REQUIRED,normalized_regret_delta,ADAPTIVE_LOOKAHEAD - ADAPTIVE_GREEDY,negative,222,74,0.0034450309454454675,0.0,0.0034450309454454628,-0.05361389487034298,0.05832655640479377,63,105,54
ALL_ASSAYS,50,VALLEY_REQUIRED,normalized_best_gain_auc_delta,ADAPTIVE_LOOKAHEAD - ADAPTIVE_GREEDY,positive,222,74,-0.016908555885788445,0.0,-0.016908555885788445,-0.051698334432682125,0.018367580230749764,84,63,75
ALL_ASSAYS,50,VALLEY_REQUIRED,strict_valley_success_delta,ADAPTIVE_LOOKAHEAD - ADAPTIVE_GREEDY,positive,222,74,-0.02702702702702703,0.0,-0.02702702702702703,-0.12162162162162163,0.06756756756756757,18,180,24
ALL_ASSAYS,50,NO_VALLEY_REQUIRED,normalized_regret_delta,ADAPTIVE_LOOKAHEAD - ADAPTIVE_GREEDY,negative,231,77,-0.0343601812634319,0.0,-0.0343601812634319,-0.08368996320242839,0.012198071892314259,69,105,57
ALL_ASSAYS,50,NO_VALLEY_REQUIRED,normalized_best_gain_auc_delta,ADAPTIVE_LOOKAHEAD - ADAPTIVE_GREEDY,positive,231,77,0.015248382759874855,0.0006851069719324698,0.01524838275987486,-0.019010408333814743,0.05253709477334126,117,48,66
ALL_ASSAYS,100,ALL_TASKS,normalized_regret_delta,ADAPTIVE_LOOKAHEAD - ADAPTIVE_GREEDY,negative,453,151,-0.02158925308175676,0.0,-0.02158925308175676,-0.06071824428997905,0.015830149020540044,168,162,123
ALL_ASSAYS,100,ALL_TASKS,normalized_best_gain_auc_delta,ADAPTIVE_LOOKAHEAD - ADAPTIVE_GREEDY,positive,453,151,0.0068419650088905526,0.0,0.006841965008890553,-0.01944999747631854,0.03345813665499062,213,102,138
ALL_ASSAYS,100,ALL_TASKS,strict_valley_success_delta,ADAPTIVE_LOOKAHEAD - ADAPTIVE_GREEDY,positive,222,74,-0.04054054054054054,0.0,-0.04054054054054054,-0.14864864864864866,0.05405405405405406,18,177,27
ALL_ASSAYS,100,VALLEY_REQUIRED,normalized_regret_delta,ADAPTIVE_LOOKAHEAD - ADAPTIVE_GREEDY,negative,222,74,-0.00037816881493529347,0.0,-0.0003781688149353085,-0.060347174264984,0.057662452872464874,66,93,63
ALL_ASSAYS,100,VALLEY_REQUIRED,normalized_best_gain_auc_delta,ADAPTIVE_LOOKAHEAD - ADAPTIVE_GREEDY,positive,222,74,-0.007209688515873729,0.0,-0.0072096885158737245,-0.04417466035240179,0.03147046519303897,93,60,69
ALL_ASSAYS,100,VALLEY_REQUIRED,strict_valley_success_delta,ADAPTIVE_LOOKAHEAD - ADAPTIVE_GREEDY,positive,222,74,-0.04054054054054054,0.0,-0.04054054054054054,-0.13513513513513514,0.06756756756756757,18,177,27
ALL_ASSAYS,100,NO_VALLEY_REQUIRED,normalized_regret_delta,ADAPTIVE_LOOKAHEAD - ADAPTIVE_GREEDY,negative,231,77,-0.0419739314680527,0.0,-0.041973931468052714,-0.09200973267090665,0.003463716151542624,102,69,60
ALL_ASSAYS,100,NO_VALLEY_REQUIRED,normalized_best_gain_auc_delta,ADAPTIVE_LOOKAHEAD - ADAPTIVE_GREEDY,positive,231,77,0.020346151513209464,0.002478357428371769,0.02034615151320947,-0.014192084308798031,0.058096296996938745,120,42,69
A4_HUMAN_Seuma_2022,10,ALL_TASKS,normalized_regret_delta,ADAPTIVE_LOOKAHEAD - ADAPTIVE_GREEDY,negative,120,40,-0.022041291342923437,0.0,-0.02204129134292344,-0.056654194216889484,0.002647024501516959,15,102,3
A4_HUMAN_Seuma_2022,10,ALL_TASKS,normalized_best_gain_auc_delta,ADAPTIVE_LOOKAHEAD - ADAPTIVE_GREEDY,positive,120,40,0.008339763755526685,0.0,0.008339763755526685,0.0016820914843783368,0.018328727788510166,30,87,3
A4_HUMAN_Seuma_2022,10,ALL_TASKS,strict_valley_success_delta,ADAPTIVE_LOOKAHEAD - ADAPTIVE_GREEDY,positive,60,20,0.0,0.0,0.0,0.0,0.0,0,60,0
A4_HUMAN_Seuma_2022,10,VALLEY_REQUIRED,normalized_regret_delta,ADAPTIVE_LOOKAHEAD - ADAPTIVE_GREEDY,negative,60,20,-0.03718943883291555,0.0,-0.03718943883291555,-0.10203535060139304,0.011272907073717814,12,45,3
A4_HUMAN_Seuma_2022,10,VALLEY_REQUIRED,normalized_best_gain_auc_delta,ADAPTIVE_LOOKAHEAD - ADAPTIVE_GREEDY,positive,60,20,0.013622749931576545,0.0,0.013622749931576545,0.0005722500262730301,0.03319082572745761,15,42,3
A4_HUMAN_Seuma_2022,10,VALLEY_REQUIRED,strict_valley_success_delta,ADAPTIVE_LOOKAHEAD - ADAPTIVE_GREEDY,positive,60,20,0.0,0.0,0.0,0.0,0.0,0,60,0
A4_HUMAN_Seuma_2022,10,NO_VALLEY_REQUIRED,normalized_regret_delta,ADAPTIVE_LOOKAHEAD - ADAPTIVE_GREEDY,negative,60,20,-0.006893143852931338,0.0,-0.006893143852931338,-0.020679431558794016,0.0,3,57,0
A4_HUMAN_Seuma_2022,10,NO_VALLEY_REQUIRED,normalized_best_gain_auc_delta,ADAPTIVE_LOOKAHEAD - ADAPTIVE_GREEDY,positive,60,20,0.003056777579476823,0.0,0.003056777579476823,0.0009082013858406332,0.0056629050811717934,15,45,0
A4_HUMAN_Seuma_2022,20,ALL_TASKS,normalized_regret_delta,ADAPTIVE_LOOKAHEAD - ADAPTIVE_GREEDY,negative,120,40,-0.06113207281154519,-0.006906872116512225,-0.06113207281154519,-0.09556873905415347,-0.029952597759407472,69,42,9
A4_HUMAN_Seuma_2022,20,ALL_TASKS,normalized_best_gain_auc_delta,ADAPTIVE_LOOKAHEAD - ADAPTIVE_GREEDY,positive,120,40,0.01671009144944869,0.004691237375347081,0.01671009144944869,0.008615995085190328,0.026586702435524818,75,36,9
A4_HUMAN_Seuma_2022,20,ALL_TASKS,strict_valley_success_delta,ADAPTIVE_LOOKAHEAD - ADAPTIVE_GREEDY,positive,60,20,0.0,0.0,0.0,0.0,0.0,0,60,0
A4_HUMAN_Seuma_2022,20,VALLEY_REQUIRED,normalized_regret_delta,ADAPTIVE_LOOKAHEAD - ADAPTIVE_GREEDY,negative,60,20,-0.0650858916561797,0.0,-0.0650858916561797,-0.12427689585522571,-0.012462554662149444,27,30,3
A4_HUMAN_Seuma_2022,20,VALLEY_REQUIRED,normalized_best_gain_auc_delta,ADAPTIVE_LOOKAHEAD - ADAPTIVE_GREEDY,positive,60,20,0.017109684247437532,0.00012470895856630152,0.017109684247437536,0.0036009331593494795,0.0352450636950933,30,27,3
A4_HUMAN_Seuma_2022,20,VALLEY_REQUIRED,strict_valley_success_delta,ADAPTIVE_LOOKAHEAD - ADAPTIVE_GREEDY,positive,60,20,0.0,0.0,0.0,0.0,0.0,0,60,0
A4_HUMAN_Seuma_2022,20,NO_VALLEY_REQUIRED,normalized_regret_delta,ADAPTIVE_LOOKAHEAD - ADAPTIVE_GREEDY,negative,60,20,-0.057178253966910675,-0.03758139876948921,-0.057178253966910675,-0.0914961584768913,-0.027438215193002987,42,12,6
A4_HUMAN_Seuma_2022,20,NO_VALLEY_REQUIRED,normalized_best_gain_auc_delta,ADAPTIVE_LOOKAHEAD - ADAPTIVE_GREEDY,positive,60,20,0.01631049865145984,0.013702889145912167,0.016310498651459844,0.00840371348270936,0.025857707890220353,45,9,6
A4_HUMAN_Seuma_2022,50,ALL_TASKS,normalized_regret_delta,ADAPTIVE_LOOKAHEAD - ADAPTIVE_GREEDY,negative,120,40,-0.08260536826548147,-0.059533151897132125,-0.08260536826548147,-0.1198467452581936,-0.04888347753443319,72,36,12
A4_HUMAN_Seuma_2022,50,ALL_TASKS,normalized_best_gain_auc_delta,ADAPTIVE_LOOKAHEAD - ADAPTIVE_GREEDY,positive,120,40,0.023665675385876186,0.01482245108410821,0.02366567538587619,0.014257519415166797,0.03386997831834859,81,30,9
A4_HUMAN_Seuma_2022,50,ALL_TASKS,strict_valley_success_delta,ADAPTIVE_LOOKAHEAD - ADAPTIVE_GREEDY,positive,60,20,0.0,0.0,0.0,0.0,0.0,0,60,0
A4_HUMAN_Seuma_2022,50,VALLEY_REQUIRED,normalized_regret_delta,ADAPTIVE_LOOKAHEAD - ADAPTIVE_GREEDY,negative,60,20,-0.07261406046720494,0.0,-0.07261406046720494,-0.13536184921583594,-0.01704137524615418,27,30,3
A4_HUMAN_Seuma_2022,50,VALLEY_REQUIRED,normalized_best_gain_auc_delta,ADAPTIVE_LOOKAHEAD - ADAPTIVE_GREEDY,positive,60,20,0.01768193097793989,0.00012470895856630152,0.01768193097793989,0.003864008701711999,0.03539778824839794,30,27,3
A4_HUMAN_Seuma_2022,50,VALLEY_REQUIRED,strict_valley_success_delta,ADAPTIVE_LOOKAHEAD - ADAPTIVE_GREEDY,positive,60,20,0.0,0.0,0.0,0.0,0.0,0,60,0
A4_HUMAN_Seuma_2022,50,NO_VALLEY_REQUIRED,normalized_regret_delta,ADAPTIVE_LOOKAHEAD - ADAPTIVE_GREEDY,negative,60,20,-0.09259667606375799,-0.08570017969237839,-0.09259667606375802,-0.13216583375079796,-0.05474378071695388,45,6,9
A4_HUMAN_Seuma_2022,50,NO_VALLEY_REQUIRED,normalized_best_gain_auc_delta,ADAPTIVE_LOOKAHEAD - ADAPTIVE_GREEDY,positive,60,20,0.02964941979381248,0.029820495389837193,0.02964941979381248,0.018646457229896378,0.04009049378445732,51,3,6
A4_HUMAN_Seuma_2022,100,ALL_TASKS,normalized_regret_delta,ADAPTIVE_LOOKAHEAD - ADAPTIVE_GREEDY,negative,120,40,-0.08260536826548147,-0.059533151897132125,-0.08260536826548147,-0.11926815733057057,-0.04931780213149862,72,36,12
A4_HUMAN_Seuma_2022,100,ALL_TASKS,normalized_best_gain_auc_delta,ADAPTIVE_LOOKAHEAD - ADAPTIVE_GREEDY,positive,120,40,0.023665675385876186,0.01482245108410821,0.02366567538587619,0.014217156475447449,0.03394185107560188,81,30,9
A4_HUMAN_Seuma_2022,100,ALL_TASKS,strict_valley_success_delta,ADAPTIVE_LOOKAHEAD - ADAPTIVE_GREEDY,positive,60,20,0.0,0.0,0.0,0.0,0.0,0,60,0
A4_HUMAN_Seuma_2022,100,VALLEY_REQUIRED,normalized_regret_delta,ADAPTIVE_LOOKAHEAD - ADAPTIVE_GREEDY,negative,60,20,-0.07261406046720494,0.0,-0.07261406046720494,-0.13579270500053714,-0.0176786029978703,27,30,3
A4_HUMAN_Seuma_2022,100,VALLEY_REQUIRED,normalized_best_gain_auc_delta,ADAPTIVE_LOOKAHEAD - ADAPTIVE_GREEDY,positive,60,20,0.01768193097793989,0.00012470895856630152,0.01768193097793989,0.0038833524541650372,0.035427232245723084,30,27,3
A4_HUMAN_Seuma_2022,100,VALLEY_REQUIRED,strict_valley_success_delta,ADAPTIVE_LOOKAHEAD - ADAPTIVE_GREEDY,positive,60,20,0.0,0.0,0.0,0.0,0.0,0,60,0
A4_HUMAN_Seuma_2022,100,NO_VALLEY_REQUIRED,normalized_regret_delta,ADAPTIVE_LOOKAHEAD - ADAPTIVE_GREEDY,negative,60,20,-0.09259667606375799,-0.08570017969237839,-0.09259667606375802,-0.13262109429315722,-0.05447490452034502,45,6,9
A4_HUMAN_Seuma_2022,100,NO_VALLEY_REQUIRED,normalized_best_gain_auc_delta,ADAPTIVE_LOOKAHEAD - ADAPTIVE_GREEDY,positive,60,20,0.02964941979381248,0.029820495389837193,0.02964941979381248,0.018925092589313842,0.0400490305864142,51,3,6
D7PM05_CLYGR_Somermeyer_2022,10,ALL_TASKS,normalized_regret_delta,ADAPTIVE_LOOKAHEAD - ADAPTIVE_GREEDY,negative,120,40,0.08205894980793992,0.0,0.08205894980793993,0.007906481296437166,0.15472747754467744,15,51,54
D7PM05_CLYGR_Somermeyer_2022,10,ALL_TASKS,normalized_best_gain_auc_delta,ADAPTIVE_LOOKAHEAD - ADAPTIVE_GREEDY,positive,120,40,-0.06355830371547339,-0.03753552273254011,-0.06355830371547336,-0.11314961738451358,-0.008138658242019757,9,36,75
D7PM05_CLYGR_Somermeyer_2022,10,ALL_TASKS,strict_valley_success_delta,ADAPTIVE_LOOKAHEAD - ADAPTIVE_GREEDY,positive,60,20,-0.1,0.0,-0.1,-0.3,0.1,3,48,9
D7PM05_CLYGR_Somermeyer_2022,10,VALLEY_REQUIRED,normalized_regret_delta,ADAPTIVE_LOOKAHEAD - ADAPTIVE_GREEDY,negative,60,20,0.1288911071006664,0.0,0.12889110710066642,0.045642660477934936,0.22619101925774998,6,30,24
D7PM05_CLYGR_Somermeyer_2022,10,VALLEY_REQUIRED,normalized_best_gain_auc_delta,ADAPTIVE_LOOKAHEAD - ADAPTIVE_GREEDY,positive,60,20,-0.10087843846379707,-0.03753552273254011,-0.1008784384637971,-0.15666162484476437,-0.05183897534481103,0,21,39
D7PM05_CLYGR_Somermeyer_2022,10,VALLEY_REQUIRED,strict_valley_success_delta,ADAPTIVE_LOOKAHEAD - ADAPTIVE_GREEDY,positive,60,20,-0.1,0.0,-0.1,-0.3,0.1,3,48,9
D7PM05_CLYGR_Somermeyer_2022,10,NO_VALLEY_REQUIRED,normalized_regret_delta,ADAPTIVE_LOOKAHEAD - ADAPTIVE_GREEDY,negative,60,20,0.035226792515213406,0.015500218639354496,0.035226792515213406,-0.07748223376962438,0.1466155042946322,9,21,30
D7PM05_CLYGR_Somermeyer_2022,10,NO_VALLEY_REQUIRED,normalized_best_gain_auc_delta,ADAPTIVE_LOOKAHEAD - ADAPTIVE_GREEDY,positive,60,20,-0.026238168967149655,-0.036747102571180114,-0.026238168967149655,-0.1073711606483752,0.07323526978080988,9,15,36
D7PM05_CLYGR_Somermeyer_2022,20,ALL_TASKS,normalized_regret_delta,ADAPTIVE_LOOKAHEAD - ADAPTIVE_GREEDY,negative,120,40,0.12083560710741961,0.07973855735012665,0.12083560710741961,0.040143181211769845,0.20247585593425707,15,39,66
D7PM05_CLYGR_Somermeyer_2022,20,ALL_TASKS,normalized_best_gain_auc_delta,ADAPTIVE_LOOKAHEAD - ADAPTIVE_GREEDY,positive,120,40,-0.10050471438799888,-0.08418751948689085,-0.10050471438799886,-0.16000232647573778,-0.03594920457755837,9,30,81
D7PM05_CLYGR_Somermeyer_2022,20,ALL_TASKS,strict_valley_success_delta,ADAPTIVE_LOOKAHEAD - ADAPTIVE_GREEDY,positive,60,20,-0.2,0.0,-0.2,-0.4,0.0,3,42,15
D7PM05_CLYGR_Somermeyer_2022,20,VALLEY_REQUIRED,normalized_regret_delta,ADAPTIVE_LOOKAHEAD - ADAPTIVE_GREEDY,negative,60,20,0.19483027033053785,0.11969986228201625,0.19483027033053785,0.09513969786943559,0.3041137992220066,6,21,33
D7PM05_CLYGR_Somermeyer_2022,20,VALLEY_REQUIRED,normalized_best_gain_auc_delta,ADAPTIVE_LOOKAHEAD - ADAPTIVE_GREEDY,positive,60,20,-0.15427604447728,-0.11694810651519855,-0.15427604447727997,-0.2240235045136977,-0.0915091891508765,0,15,45
D7PM05_CLYGR_Somermeyer_2022,20,VALLEY_REQUIRED,strict_valley_success_delta,ADAPTIVE_LOOKAHEAD - ADAPTIVE_GREEDY,positive,60,20,-0.2,0.0,-0.2,-0.4,0.0,3,42,15
D7PM05_CLYGR_Somermeyer_2022,20,NO_VALLEY_REQUIRED,normalized_regret_delta,ADAPTIVE_LOOKAHEAD - ADAPTIVE_GREEDY,negative,60,20,0.046840943884301364,0.040421911165202884,0.04684094388430137,-0.07338382242782931,0.15501453440286145,9,18,33
D7PM05_CLYGR_Somermeyer_2022,20,NO_VALLEY_REQUIRED,normalized_best_gain_auc_delta,ADAPTIVE_LOOKAHEAD - ADAPTIVE_GREEDY,positive,60,20,-0.046733384298717776,-0.042800873210006814,-0.046733384298717796,-0.1409792229329679,0.05602139002781187,9,15,36
D7PM05_CLYGR_Somermeyer_2022,50,ALL_TASKS,normalized_regret_delta,ADAPTIVE_LOOKAHEAD - ADAPTIVE_GREEDY,negative,120,40,0.12201432467822801,0.07973855735012665,0.12201432467822801,0.0404603614016748,0.20137829026477475,15,39,66
D7PM05_CLYGR_Somermeyer_2022,50,ALL_TASKS,normalized_best_gain_auc_delta,ADAPTIVE_LOOKAHEAD - ADAPTIVE_GREEDY,positive,120,40,-0.10788395833191147,-0.0894912591847662,-0.10788395833191144,-0.17072987436410522,-0.04280845113165725,9,30,81
D7PM05_CLYGR_Somermeyer_2022,50,ALL_TASKS,strict_valley_success_delta,ADAPTIVE_LOOKAHEAD - ADAPTIVE_GREEDY,positive,60,20,-0.2,0.0,-0.2,-0.45,0.0,3,42,15
D7PM05_CLYGR_Somermeyer_2022,50,VALLEY_REQUIRED,normalized_regret_delta,ADAPTIVE_LOOKAHEAD - ADAPTIVE_GREEDY,negative,60,20,0.1957194834112449,0.11969986228201625,0.19571948341124495,0.09857198825705393,0.3050806682207192,6,21,33
D7PM05_CLYGR_Somermeyer_2022,50,VALLEY_REQUIRED,normalized_best_gain_auc_delta,ADAPTIVE_LOOKAHEAD - ADAPTIVE_GREEDY,positive,60,20,-0.16784563844904857,-0.1337279588398952,-0.16784563844904857,-0.23670431492329466,-0.10324231267494881,0,15,45
D7PM05_CLYGR_Somermeyer_2022,50,VALLEY_REQUIRED,strict_valley_success_delta,ADAPTIVE_LOOKAHEAD - ADAPTIVE_GREEDY,positive,60,20,-0.2,0.0,-0.2,-0.4,0.0,3,42,15
D7PM05_CLYGR_Somermeyer_2022,50,NO_VALLEY_REQUIRED,normalized_regret_delta,ADAPTIVE_LOOKAHEAD - ADAPTIVE_GREEDY,negative,60,20,0.04830916594521109,0.040421911165202884,0.048309165945211105,-0.07116575762690872,0.16366908871967997,9,18,33
D7PM05_CLYGR_Somermeyer_2022,50,NO_VALLEY_REQUIRED,normalized_best_gain_auc_delta,ADAPTIVE_LOOKAHEAD - ADAPTIVE_GREEDY,positive,60,20,-0.04792227821477433,-0.042800873210006814,-0.047922278214774336,-0.14166352041744174,0.0592593498909704,9,15,36
D7PM05_CLYGR_Somermeyer_2022,100,ALL_TASKS,normalized_regret_delta,ADAPTIVE_LOOKAHEAD - ADAPTIVE_GREEDY,negative,120,40,0.12201432467822801,0.07973855735012665,0.12201432467822801,0.041474666542618326,0.2014182641146156,15,39,66
D7PM05_CLYGR_Somermeyer_2022,100,ALL_TASKS,normalized_best_gain_auc_delta,ADAPTIVE_LOOKAHEAD - ADAPTIVE_GREEDY,positive,120,40,-0.10788395833191147,-0.0894912591847662,-0.10788395833191144,-0.1688742415658349,-0.04244346433476318,9,30,81
D7PM05_CLYGR_Somermeyer_2022,100,ALL_TASKS,strict_valley_success_delta,ADAPTIVE_LOOKAHEAD - ADAPTIVE_GREEDY,positive,60,20,-0.2,0.0,-0.2,-0.4,0.0,3,42,15
D7PM05_CLYGR_Somermeyer_2022,100,VALLEY_REQUIRED,normalized_regret_delta,ADAPTIVE_LOOKAHEAD - ADAPTIVE_GREEDY,negative,60,20,0.1957194834112449,0.11969986228201625,0.19571948341124495,0.09757539973016231,0.301523294882588,6,21,33
D7PM05_CLYGR_Somermeyer_2022,100,VALLEY_REQUIRED,normalized_best_gain_auc_delta,ADAPTIVE_LOOKAHEAD - ADAPTIVE_GREEDY,positive,60,20,-0.16784563844904857,-0.1337279588398952,-0.16784563844904857,-0.23934923518671913,-0.10137634546299543,0,15,45
D7PM05_CLYGR_Somermeyer_2022,100,VALLEY_REQUIRED,strict_valley_success_delta,ADAPTIVE_LOOKAHEAD - ADAPTIVE_GREEDY,positive,60,20,-0.2,0.0,-0.2,-0.45,0.0,3,42,15
D7PM05_CLYGR_Somermeyer_2022,100,NO_VALLEY_REQUIRED,normalized_regret_delta,ADAPTIVE_LOOKAHEAD - ADAPTIVE_GREEDY,negative,60,20,0.04830916594521109,0.040421911165202884,0.048309165945211105,-0.07383825879504873,0.16186234200619173,9,18,33
D7PM05_CLYGR_Somermeyer_2022,100,NO_VALLEY_REQUIRED,normalized_best_gain_auc_delta,ADAPTIVE_LOOKAHEAD - ADAPTIVE_GREEDY,positive,60,20,-0.04792227821477433,-0.042800873210006814,-0.047922278214774336,-0.14310445984456113,0.05937366774523489,9,15,36
F7YBW8_MESOW_Aakre_2015,10,ALL_TASKS,normalized_regret_delta,ADAPTIVE_LOOKAHEAD - ADAPTIVE_GREEDY,negative,102,34,0.019853299730979997,0.0,0.019853299730979997,-0.007206651186998018,0.059080995786051624,9,84,9
F7YBW8_MESOW_Aakre_2015,10,ALL_TASKS,normalized_best_gain_auc_delta,ADAPTIVE_LOOKAHEAD - ADAPTIVE_GREEDY,positive,102,34,0.023222199283542477,0.0,0.023222199283542477,0.0001591852528061685,0.0623930698425743,18,75,9
F7YBW8_MESOW_Aakre_2015,10,ALL_TASKS,strict_valley_success_delta,ADAPTIVE_LOOKAHEAD - ADAPTIVE_GREEDY,positive,42,14,0.0,0.0,0.0,0.0,0.0,0,42,0
F7YBW8_MESOW_Aakre_2015,10,VALLEY_REQUIRED,normalized_regret_delta,ADAPTIVE_LOOKAHEAD - ADAPTIVE_GREEDY,negative,42,14,0.0011143723350192831,0.0,0.0011143723350192844,-0.027418572090571105,0.04059091658254308,9,30,3
F7YBW8_MESOW_Aakre_2015,10,VALLEY_REQUIRED,normalized_best_gain_auc_delta,ADAPTIVE_LOOKAHEAD - ADAPTIVE_GREEDY,positive,42,14,0.05875180889632834,0.0,0.05875180889632833,0.005024008928312715,0.14258966711848856,18,21,3
F7YBW8_MESOW_Aakre_2015,10,VALLEY_REQUIRED,strict_valley_success_delta,ADAPTIVE_LOOKAHEAD - ADAPTIVE_GREEDY,positive,42,14,0.0,0.0,0.0,0.0,0.0,0,42,0
F7YBW8_MESOW_Aakre_2015,10,NO_VALLEY_REQUIRED,normalized_regret_delta,ADAPTIVE_LOOKAHEAD - ADAPTIVE_GREEDY,negative,60,20,0.0329705489081525,0.0,0.0329705489081525,0.0,0.09361066144192748,0,54,6
F7YBW8_MESOW_Aakre_2015,10,NO_VALLEY_REQUIRED,normalized_best_gain_auc_delta,ADAPTIVE_LOOKAHEAD - ADAPTIVE_GREEDY,positive,60,20,-0.001648527445407623,0.0,-0.001648527445407623,-0.004680533072096369,0.0,0,54,6
F7YBW8_MESOW_Aakre_2015,20,ALL_TASKS,normalized_regret_delta,ADAPTIVE_LOOKAHEAD - ADAPTIVE_GREEDY,negative,102,34,-0.014656289442221379,0.0,-0.014656289442221374,-0.0612055786385863,0.02844293591105832,21,60,21
F7YBW8_MESOW_Aakre_2015,20,ALL_TASKS,normalized_best_gain_auc_delta,ADAPTIVE_LOOKAHEAD - ADAPTIVE_GREEDY,positive,102,34,-0.009263839646128794,0.0,-0.009263839646128796,-0.03975746180108685,0.02107146018269196,27,51,24
F7YBW8_MESOW_Aakre_2015,20,ALL_TASKS,strict_valley_success_delta,ADAPTIVE_LOOKAHEAD - ADAPTIVE_GREEDY,positive,42,14,0.0,0.0,0.0,0.0,0.0,0,42,0
F7YBW8_MESOW_Aakre_2015,20,VALLEY_REQUIRED,normalized_regret_delta,ADAPTIVE_LOOKAHEAD - ADAPTIVE_GREEDY,negative,42,14,-0.007141826083852213,0.0,-0.007141826083852209,-0.0755876430826414,0.050863918015556724,9,24,9
F7YBW8_MESOW_Aakre_2015,20,VALLEY_REQUIRED,normalized_best_gain_auc_delta,ADAPTIVE_LOOKAHEAD - ADAPTIVE_GREEDY,positive,42,14,0.009952724755277389,0.0,0.009952724755277389,-0.045113040414528106,0.0732593861312246,15,18,9
F7YBW8_MESOW_Aakre_2015,20,VALLEY_REQUIRED,strict_valley_success_delta,ADAPTIVE_LOOKAHEAD - ADAPTIVE_GREEDY,positive,42,14,0.0,0.0,0.0,0.0,0.0,0,42,0
F7YBW8_MESOW_Aakre_2015,20,NO_VALLEY_REQUIRED,normalized_regret_delta,ADAPTIVE_LOOKAHEAD - ADAPTIVE_GREEDY,negative,60,20,-0.019916413793079794,0.0,-0.01991641379307979,-0.0863926922884228,0.03799037274648823,12,36,12
F7YBW8_MESOW_Aakre_2015,20,NO_VALLEY_REQUIRED,normalized_best_gain_auc_delta,ADAPTIVE_LOOKAHEAD - ADAPTIVE_GREEDY,positive,60,20,-0.022715434727113126,0.0,-0.022715434727113123,-0.055984648535541484,0.0007608713235186961,12,33,15
F7YBW8_MESOW_Aakre_2015,50,ALL_TASKS,normalized_regret_delta,ADAPTIVE_LOOKAHEAD - ADAPTIVE_GREEDY,negative,102,34,-0.04773693565979143,0.0,-0.04773693565979142,-0.1095023011977627,0.00046455877513820536,27,60,15
F7YBW8_MESOW_Aakre_2015,50,ALL_TASKS,normalized_best_gain_auc_delta,ADAPTIVE_LOOKAHEAD - ADAPTIVE_GREEDY,positive,102,34,0.026372527735542488,0.00427960390402371,0.026372527735542484,0.0009135177674631856,0.05577668657221415,66,9,27
F7YBW8_MESOW_Aakre_2015,50,ALL_TASKS,strict_valley_success_delta,ADAPTIVE_LOOKAHEAD - ADAPTIVE_GREEDY,positive,42,14,0.2857142857142857,0.0,0.2857142857142857,0.07142857142857142,0.5,12,30,0
F7YBW8_MESOW_Aakre_2015,50,VALLEY_REQUIRED,normalized_regret_delta,ADAPTIVE_LOOKAHEAD - ADAPTIVE_GREEDY,negative,42,14,-0.12319059454678366,-0.0011739999430382259,-0.12319059454678365,-0.2560738879221854,-0.018724727326604514,21,18,3
F7YBW8_MESOW_Aakre_2015,50,VALLEY_REQUIRED,normalized_best_gain_auc_delta,ADAPTIVE_LOOKAHEAD - ADAPTIVE_GREEDY,positive,42,14,0.06566627588032284,0.04351427390375934,0.06566627588032281,0.01865436735329681,0.1247054720705552,30,3,9
F7YBW8_MESOW_Aakre_2015,50,VALLEY_REQUIRED,strict_valley_success_delta,ADAPTIVE_LOOKAHEAD - ADAPTIVE_GREEDY,positive,42,14,0.2857142857142857,0.0,0.2857142857142857,0.07142857142857142,0.5,12,30,0
F7YBW8_MESOW_Aakre_2015,50,NO_VALLEY_REQUIRED,normalized_regret_delta,ADAPTIVE_LOOKAHEAD - ADAPTIVE_GREEDY,negative,60,20,0.005080625561103145,0.0,0.005080625561103146,-0.016636161946060345,0.029285369236396647,6,42,12
F7YBW8_MESOW_Aakre_2015,50,NO_VALLEY_REQUIRED,normalized_best_gain_auc_delta,ADAPTIVE_LOOKAHEAD - ADAPTIVE_GREEDY,positive,60,20,-0.001133095965803746,0.001993060640879507,-0.001133095965803746,-0.021463139058527782,0.018815224697535722,36,6,18
F7YBW8_MESOW_Aakre_2015,100,ALL_TASKS,normalized_regret_delta,ADAPTIVE_LOOKAHEAD - ADAPTIVE_GREEDY,negative,102,34,-0.07330092236637906,-0.02691211925266787,-0.07330092236637903,-0.144955338863711,-0.019228931164055208,63,12,27
F7YBW8_MESOW_Aakre_2015,100,ALL_TASKS,normalized_best_gain_auc_delta,ADAPTIVE_LOOKAHEAD - ADAPTIVE_GREEDY,positive,102,34,0.059026774187908825,0.025819571564116517,0.0590267741879088,0.026371178600441605,0.09781550757363953,78,0,24
F7YBW8_MESOW_Aakre_2015,100,ALL_TASKS,strict_valley_success_delta,ADAPTIVE_LOOKAHEAD - ADAPTIVE_GREEDY,positive,42,14,0.21428571428571427,0.0,0.21428571428571427,-0.07142857142857142,0.5,12,27,3
F7YBW8_MESOW_Aakre_2015,100,VALLEY_REQUIRED,normalized_regret_delta,ADAPTIVE_LOOKAHEAD - ADAPTIVE_GREEDY,negative,42,14,-0.14339893613736773,-0.013228321634401408,-0.14339893613736773,-0.30426053171803824,-0.018952763273123122,24,6,12
F7YBW8_MESOW_Aakre_2015,100,VALLEY_REQUIRED,normalized_best_gain_auc_delta,ADAPTIVE_LOOKAHEAD - ADAPTIVE_GREEDY,positive,42,14,0.1169317176927292,0.05356448740928399,0.11693171769272921,0.050734670303917546,0.19474689448080745,39,0,3
F7YBW8_MESOW_Aakre_2015,100,VALLEY_REQUIRED,strict_valley_success_delta,ADAPTIVE_LOOKAHEAD - ADAPTIVE_GREEDY,positive,42,14,0.21428571428571427,0.0,0.21428571428571427,-0.07142857142857142,0.5,12,27,3
F7YBW8_MESOW_Aakre_2015,100,NO_VALLEY_REQUIRED,normalized_regret_delta,ADAPTIVE_LOOKAHEAD - ADAPTIVE_GREEDY,negative,60,20,-0.024232312726686953,-0.028174232250304944,-0.02423231272668696,-0.04322114806886938,-0.005277396581045036,39,6,15
F7YBW8_MESOW_Aakre_2015,100,NO_VALLEY_REQUIRED,normalized_best_gain_auc_delta,ADAPTIVE_LOOKAHEAD - ADAPTIVE_GREEDY,positive,60,20,0.018493313734534524,0.01768789734891152,0.018493313734534528,-0.0010307096905262777,0.03932673976511881,39,0,21
GCN4_YEAST_Staller_2018,10,ALL_TASKS,normalized_regret_delta,ADAPTIVE_LOOKAHEAD - ADAPTIVE_GREEDY,negative,111,37,-0.07762712132562789,0.0,-0.07762712132562792,-0.1765142435616172,-0.0006441774697901191,27,69,15
GCN4_YEAST_Staller_2018,10,ALL_TASKS,normalized_best_gain_auc_delta,ADAPTIVE_LOOKAHEAD - ADAPTIVE_GREEDY,positive,111,37,0.06769478039269516,0.0,0.06769478039269514,0.01779438276756047,0.12812464663221018,45,51,15
GCN4_YEAST_Staller_2018,10,ALL_TASKS,strict_valley_success_delta,ADAPTIVE_LOOKAHEAD - ADAPTIVE_GREEDY,positive,60,20,0.05,0.0,0.05,-0.1,0.2,6,51,3
GCN4_YEAST_Staller_2018,10,VALLEY_REQUIRED,normalized_regret_delta,ADAPTIVE_LOOKAHEAD - ADAPTIVE_GREEDY,negative,60,20,-0.05376956335635915,0.0,-0.05376956335635913,-0.16432739049815961,0.013760867849569154,18,33,9
GCN4_YEAST_Staller_2018,10,VALLEY_REQUIRED,normalized_best_gain_auc_delta,ADAPTIVE_LOOKAHEAD - ADAPTIVE_GREEDY,positive,60,20,0.05766869548105865,0.0,0.05766869548105865,0.002371121452698481,0.12699580704707655,27,24,9
GCN4_YEAST_Staller_2018,10,VALLEY_REQUIRED,strict_valley_success_delta,ADAPTIVE_LOOKAHEAD - ADAPTIVE_GREEDY,positive,60,20,0.05,0.0,0.05,-0.1,0.25,6,51,3
GCN4_YEAST_Staller_2018,10,NO_VALLEY_REQUIRED,normalized_regret_delta,ADAPTIVE_LOOKAHEAD - ADAPTIVE_GREEDY,negative,51,17,-0.10569483658359115,0.0,-0.10569483658359115,-0.27631565768060606,0.016360798142099824,9,36,6
GCN4_YEAST_Staller_2018,10,NO_VALLEY_REQUIRED,normalized_best_gain_auc_delta,ADAPTIVE_LOOKAHEAD - ADAPTIVE_GREEDY,positive,51,17,0.07949017440638517,0.0,0.07949017440638517,0.0008756218333935648,0.1912986384986767,18,27,6
GCN4_YEAST_Staller_2018,20,ALL_TASKS,normalized_regret_delta,ADAPTIVE_LOOKAHEAD - ADAPTIVE_GREEDY,negative,111,37,-0.06335416517292557,0.0,-0.06335416517292557,-0.1590142465132911,0.015729390708869494,18,75,18
GCN4_YEAST_Staller_2018,20,ALL_TASKS,normalized_best_gain_auc_delta,ADAPTIVE_LOOKAHEAD - ADAPTIVE_GREEDY,positive,111,37,0.06314854341267284,0.0,0.06314854341267284,0.012019674726189613,0.12661829201559902,42,42,27
GCN4_YEAST_Staller_2018,20,ALL_TASKS,strict_valley_success_delta,ADAPTIVE_LOOKAHEAD - ADAPTIVE_GREEDY,positive,60,20,-0.1,0.0,-0.1,-0.3,0.1,3,48,9
GCN4_YEAST_Staller_2018,20,VALLEY_REQUIRED,normalized_regret_delta,ADAPTIVE_LOOKAHEAD - ADAPTIVE_GREEDY,negative,60,20,-0.02412539226314324,0.0,-0.02412539226314324,-0.14459019645366045,0.060578707189688455,9,36,15
GCN4_YEAST_Staller_2018,20,VALLEY_REQUIRED,normalized_best_gain_auc_delta,ADAPTIVE_LOOKAHEAD - ADAPTIVE_GREEDY,positive,60,20,0.04425718351613369,0.0,0.04425718351613369,-0.009508891699021804,0.1230404329461212,24,18,18
GCN4_YEAST_Staller_2018,20,VALLEY_REQUIRED,strict_valley_success_delta,ADAPTIVE_LOOKAHEAD - ADAPTIVE_GREEDY,positive,60,20,-0.1,0.0,-0.1,-0.3,0.1,3,48,9
GCN4_YEAST_Staller_2018,20,NO_VALLEY_REQUIRED,normalized_regret_delta,ADAPTIVE_LOOKAHEAD - ADAPTIVE_GREEDY,negative,51,17,-0.10950566271384593,0.0,-0.10950566271384596,-0.28006803808469544,0.009514984118917774,9,39,3
GCN4_YEAST_Staller_2018,20,NO_VALLEY_REQUIRED,normalized_best_gain_auc_delta,ADAPTIVE_LOOKAHEAD - ADAPTIVE_GREEDY,positive,51,17,0.08537367270271888,0.0,0.08537367270271888,0.0016809394641930174,0.19533263282889746,18,24,9
GCN4_YEAST_Staller_2018,50,ALL_TASKS,normalized_regret_delta,ADAPTIVE_LOOKAHEAD - ADAPTIVE_GREEDY,negative,111,37,-0.06335416517292557,0.0,-0.06335416517292557,-0.1608815623986711,0.014795195447296409,18,75,18
GCN4_YEAST_Staller_2018,50,ALL_TASKS,normalized_best_gain_auc_delta,ADAPTIVE_LOOKAHEAD - ADAPTIVE_GREEDY,positive,111,37,0.06472858680526986,0.0,0.06472858680526986,0.011732036584564435,0.12857240135227785,45,42,24
GCN4_YEAST_Staller_2018,50,ALL_TASKS,strict_valley_success_delta,ADAPTIVE_LOOKAHEAD - ADAPTIVE_GREEDY,positive,60,20,-0.1,0.0,-0.1,-0.3,0.1,3,48,9
GCN4_YEAST_Staller_2018,50,VALLEY_REQUIRED,normalized_regret_delta,ADAPTIVE_LOOKAHEAD - ADAPTIVE_GREEDY,negative,60,20,-0.02412539226314324,0.0,-0.02412539226314324,-0.14512661628563828,0.05959019449221264,9,36,15
GCN4_YEAST_Staller_2018,50,VALLEY_REQUIRED,normalized_best_gain_auc_delta,ADAPTIVE_LOOKAHEAD - ADAPTIVE_GREEDY,positive,60,20,0.04163565757746544,0.0,0.04163565757746546,-0.01400616590455955,0.11928614866774453,24,18,18
GCN4_YEAST_Staller_2018,50,VALLEY_REQUIRED,strict_valley_success_delta,ADAPTIVE_LOOKAHEAD - ADAPTIVE_GREEDY,positive,60,20,-0.1,0.0,-0.1,-0.3,0.1,3,48,9
GCN4_YEAST_Staller_2018,50,NO_VALLEY_REQUIRED,normalized_regret_delta,ADAPTIVE_LOOKAHEAD - ADAPTIVE_GREEDY,negative,51,17,-0.10950566271384593,0.0,-0.10950566271384596,-0.2800510924257408,0.009514984118917774,9,39,3
GCN4_YEAST_Staller_2018,50,NO_VALLEY_REQUIRED,normalized_best_gain_auc_delta,ADAPTIVE_LOOKAHEAD - ADAPTIVE_GREEDY,positive,51,17,0.09189673883798093,0.0,0.09189673883798093,0.006193794363822144,0.2030978674246843,21,24,6
GCN4_YEAST_Staller_2018,100,ALL_TASKS,normalized_regret_delta,ADAPTIVE_LOOKAHEAD - ADAPTIVE_GREEDY,negative,111,37,-0.06335416517292557,0.0,-0.06335416517292557,-0.1605903729779885,0.016887611054080563,18,75,18
GCN4_YEAST_Staller_2018,100,ALL_TASKS,normalized_best_gain_auc_delta,ADAPTIVE_LOOKAHEAD - ADAPTIVE_GREEDY,positive,111,37,0.06472858680526986,0.0,0.06472858680526986,0.011542582040884711,0.12831014495075052,45,42,24
GCN4_YEAST_Staller_2018,100,ALL_TASKS,strict_valley_success_delta,ADAPTIVE_LOOKAHEAD - ADAPTIVE_GREEDY,positive,60,20,-0.1,0.0,-0.1,-0.3,0.1,3,48,9
GCN4_YEAST_Staller_2018,100,VALLEY_REQUIRED,normalized_regret_delta,ADAPTIVE_LOOKAHEAD - ADAPTIVE_GREEDY,negative,60,20,-0.02412539226314324,0.0,-0.02412539226314324,-0.1462012791287455,0.06057275219589989,9,36,15
GCN4_YEAST_Staller_2018,100,VALLEY_REQUIRED,normalized_best_gain_auc_delta,ADAPTIVE_LOOKAHEAD - ADAPTIVE_GREEDY,positive,60,20,0.04163565757746544,0.0,0.04163565757746546,-0.014504607548801902,0.12224434351190333,24,18,18
GCN4_YEAST_Staller_2018,100,VALLEY_REQUIRED,strict_valley_success_delta,ADAPTIVE_LOOKAHEAD - ADAPTIVE_GREEDY,positive,60,20,-0.1,0.0,-0.1,-0.3,0.1,3,48,9
GCN4_YEAST_Staller_2018,100,NO_VALLEY_REQUIRED,normalized_regret_delta,ADAPTIVE_LOOKAHEAD - ADAPTIVE_GREEDY,negative,51,17,-0.10950566271384593,0.0,-0.10950566271384596,-0.2818758538326323,0.009514984118917774,9,39,3
GCN4_YEAST_Staller_2018,100,NO_VALLEY_REQUIRED,normalized_best_gain_auc_delta,ADAPTIVE_LOOKAHEAD - ADAPTIVE_GREEDY,positive,51,17,0.09189673883798093,0.0,0.09189673883798093,0.007795164420860466,0.20107413600192764,21,24,6
